Glaciaxion.SunsetRay,
EradicationCatastrophe.NceS,
Credits.Frums,
Dlyrotz.Likey,
EnginexStartmelodymix.CrossingSound,
光.姜米條,
Wintercube.CtymaxfeatNceS,
Cipher20.TetrajectoryfeatCtymax,
混乱Confusion.OnlyMyBlackScore,
FULiAUTOSHOOTER.MYUKKE,
HumaN.SOTUI,
PRAW.Bluewind,
PixelRebelz.Normal1zer,
Cereris.SunsetRayNceS,
NonMelodicRagezMUGEdit.Normal1zer,
SultanRage.MonstDeath,
ClassMemories.AntistarfeatCtymax,
SURREALISM.Itsuki,
BonusTime.MegaloPaleWhite,
ENERGYSYNERGYMATRIX.Tanchiky,
NYA.FLuoRiTe姜米條,
JunXionBetweenLifeAndDeathVIPMix.1N6Fs,
cryout.JuE,
Reimei.影虎,
尊師TheGuru.rider,
Spasmodic.姜米條颶風元力上人,
LeaveAllBehind.rider,
ColorfulDays.P4koofeatつゆり花鈴,
microwav.dandeless,
重生.姜米條,
NOONEYESMAN.MYUKKE,
望影の方舟Six.SeURa,
Igallta.SeURa,
ClockParadox.WyvernP,
Chronologika.Hundotte,
NickofTime.P4koo,
Chronomia.Lime,
ChronosCollapseLaCampanella.SunsetRay,
Rrharil.TeamGrimoire,
CraveWave.LandRoot,
TheChariotREVIIVAL.Attoclef,
Luminescence.米虾Fomiki初云CLoudie,
Retribution.nmyKryexe,
DESTRUCTION321.Normal1zervsBrokenNerdz,
DistortedFate.Sakuzyo,
Doppelganger.LeaF,
もぺもぺ.LeaF,
MARENOL.LeaF,
萤火虫の怨.闫东炜,
万吨匿名信.闫东炜,
风屿.闫东炜,
dBdoll.YUESTEVENuen,
Dash.小红Akane李祥辉,
云女孩.符白牙SiYFics,
DropIt.Asuka,
RIPPER.Friedwav,
Aphasia.闫东炜,
开心病.闫东炜,
華灯爱.闫东炜,
FindMe.Kforest,
Sein.朔Apo11oprogramvsお月さま交響曲ftkuroa荒巻,
狂喜蘭舞.LeaF,
SparkleNewLife.rider,
KhronostasisKatharsis.Halv,
SnowDesert.WyvernP,
Burn.NceS,
Aleph0.LeaF,
NextTime.SaMZIng,
RubbishSorting.CtymaxvsNceS,
AnotherMe.NeutralMoon,
mechanted.rareguy,
lifeflashesbeforeweebeyes.BilliumMoto,
BreakThroughTheBarrier.lixound,
Chronostasis.黒皇帝,
DeadSoul.SoundSouler,
InfinityHeaven.HyuN,
Disorder.HyuNfeatYURI,
CROSSSOUL.HyuNfeatSyepias,纵连
SpeedUp.DarTokki,
MagentaPotion.EmoCo,
GetBack.CAP3,
Palescreen.WyvernPfeatMadol,
GOODTEK.EBIMAYO,
GOODBOUNCE.EBIMAYO,
GOODWORLD.EBIMAYO,
GOODFORTUNE.EBIMAYO,
GOODRAGE.EBIMAYO,
TheMountainEater.PaulBazooka,
Orthodox.tokiwa,
EndMe.ZxNXasDelaina,
ParallelRetrogressionGameVer.Tetrajectory,
Starduster.Quree,
Electron.ElousFZ,
SIGMA.Kryexe,
HardcoreKwaya.EnFr,
Aventyr.GrandThawRigelTheatre,
Trane.MALVA,
雪降りメリクリ.A39,
CervelleConnexion.SCTL,
modulus.PTB10,
Wavetapper.Frums,
大和撫子WildDances.adapatorvsDRIVE,
Eltaw.Fl00t,
Initialize.iF,
桜樹街道.kozatosnow,
GetReady.iF,
volcanic.DETROakaルゼ,
BetterGraphicAnimation.ルゼ,
XING.ginkiha,
FinalStep.Lime,
Cthugha.USAO,
WithYou.Cashew,
UnorthodoxThoughts.Joulez,
Apocalyptic.ZClaxxSumaiLight,
游园地.椒盐菠萝,
energytrixxx.KAH,
Nhelv.Silentroom,
Arkhei.SeraAmagi,
Kerberos.Zris,
parsey.siqlo,
Concvssion.Halv,
ジングルベルJingleBell.A39沙包P,
TimetoNightSkyfeatLeeYuJin.HyuNKLYDIX,
HAZARD.Limpid,
AnotherMe.DAAN,
DontNeverAround.HAMA,
RESSiSTANCE.ぐるたみん,
Dreamland.z1onkyrrin,
AnotherRound.JustinDai,
996.李化禹,
FutureMind.RayNauticaRekuMochizuki,
Luminescent.Daison,
FULiAUTOBUSTER.MYUKKE,
IMustSayNo.TangJuan,
opia.rN,
Apocalypse.アリスシャッハと魔法の楽団,
Protoflicker.Silentroom,
HorizonBlue.NothingButRequiemfeatAikapinChiyoko,
YouaretheMiserable.tpazolite,
Stasis.Maozon,
いざ参ります.Uskefeat棗いつき,
月下缭乱.月見静華vsLUNARiUM,
OnAndOn.ETIAfeatJenga,
DataErr0r.Cosmograph,
Shadow.SumaiLightvs姜米條,
心之所向.姜米條,
inferior.姜米條,
csqn.Aoi,
BraveNotes.TurquoiseDRIVENota,
盏茗.茶鸣拾贰律,
青芽.茶鸣拾贰律,
EternalSnow.AbyssIdols,
RainySeason.AbyssIdols,
ElCondorPasaPhigrosEdit.PlasticFruits,
BreakOver.Kforest,
BelieveLightfeat果丸哒呦.ScalerMestie果丸哒呦,
Pontdessouvenirs.VeetaCrushvsitsufeatitsu,
青丘.BLACK0,
瓷岁.茶鸣拾贰律,
Feast远东之宴.茶鸣拾贰律,
インフェルノシティ.Ponchifeatはぁち,
Upshift.Iriss-Frantzz,
PoisonANDORAffection.LeaF,
Random.SobremSilentroom,
零號車輛.seatrus,
NowIsTheTimeDoIt.RoyMikelate,
Bougainvillea.Jade,
神話.PicaM2U,
Elúltimobaile.Θ,
Trojan.litmus,
TemporalShifting.LureRabbitVC,
Adastraperaspera.RabbitHouse,底力
Ajourneytothemoonlight.Yesod,
RainyHeart.BelieverInYou阿卡姆巫师,
Realms.HinkikAHimitsu,
ぱぴぷぴぷぴぱ.ころねぽちWith立秋,
TriumphRegret.typeMARS,
SATELLITE.かめりあ,
DancewithSilence.かめりあ,
LabyrinthinKowloonWalledWorld.かめりあ,
ComputeItWithSomeDevilishAlcoholicSteampunkEngines.かめりあ,
ERABYECONNEC10N.かめりあ,
DiamondEyes.SYNTHETIC,
Bitterblossom.imvi,
SilenceisGoldenSpeechisGolden.NIWASHI,
FracturedAngel.DJRaisei,
JourneywithYou.Iris,
SecretIllumination.Yooh,
InvertedWorld.ARForest,
月詠に鳴る.Feryquitousfeat藍月なくる,好听的
TECHNOPOLIS2085.PRASTIKDANCEFLOOR,
祈-我ら神祖と共に歩む者なり-.光吉猛修VS穴山大輔VSKaiVS水野健治VS大国奏音,
bye.DingerBox,
聖夜讃歌.A39沙包P,
ストレイソウルアラウンド.みーに,
ManifoldHypothesis.cybermisofeattigerlily,
KMoeVIP.ZxNX,
GVNGlitterVomitusandNeon.SaltySaltUnfold33,
CrushBETA.shadow_bling,
BrokenSky.JungoMAX3feat刘佳宜Snow幻影刃shadow,
BRAINHACKER.SOMON,
Xenolith.Tatsh,
ArtificialExistence.JunKuroda,
IndelibleScar.Noah,
Antithese.Blacklolita,
PRAGMATISMRESURRECTION.Laur,
ShineAfter.ADeanJocularACE,
Bloom.targ麻团qwq,
幽世桔梗.Capchiifeatまるもこ,
千紫万紅.r0yvsWABI,
明鏡烈火.MUEvsRekuMochizuki,
今天不是明天.PIKASONICfeat兰音Reine,
Cuvism.Fl00tvsHalv,
iLArtifact.Link0,
atruthseekerCommunicationwithUtopiawillbelost.kuro,
BoundedQuietude.FiniteLimitvsSiLiS,
君往何处QuoVadis.M2U,
暗夜苏醒REANIMATE.Warak,
Grimheart.Puru,
Thrashforce.KAHvsE0ri4,
Originally.SNKSMizku,
黄金之城GOLDTOWN.Memme,
双重间谍DoubleAgent.WAVAV,
幻影鬼魅PLEASE.R300K,
Schadenfreude.ZxNX,
Letempsperdu.Daison,
FixationsTowardtheStars.Foodbot,
valorstarcross.LundyvsWyvren,
CometFeat符白牙.CNHKSS,
白と黒のバケモノ.テヅカ,
Devotion.Connexio,
KirakiraNoelStory.RekuMochizuki,
Shelter.MeatyRabbitNceS,
蝎虎天体Lacertid.CreamvsDaily天利,
贝多芬祝福BeethovenBlessing.Nauts,
インマイマインド.レシオP,
ニライカナイNiraicA_naiMix.roopfromSTR,
SwingSkipDrop.ミハイル,
宇宙残骸少女CosmicDustyGirl.辻原一郎,
Resolver.Gomadare,
LuminousEntitiesLostHeart.NormalMfeatUsagiDenki,
KIZUNAResolution.TAG,
AbsoluTedisoRdeR.AcuteDisarray,
AphroditesChildshortver.RUQOA,
DevIAtiOnshortver.polysha,
NOx.Juggernaut,
Aliceinaxxxxxxxx.Nagiha,
Radiance.Nhato,
DiamondDust.MasahiroGodspeedAoki,
StardustRAY.kanonevsBlackY,
FrozenHeart.A39沙包P,
Helios.NOABotaNya,
FlutterEcho.Cansol,
Rebirth.ああああ,
AvataarReincarnationofKalpa.ScarletteakaCrYmson,
Poseidon.1112vsStar,
WATER.A39沙包P,
MiracleForestVIPMix.Rinthlive,
MOBILYS.Dachs,
Lyrith迷宮リリス.ユメミド,
Demiurge.Rabpit,
Demonkin.ForgedReigns,
Re_NascencePsystyleVer.Rinth_live,
Ark.kanoryo,
AfterDawn.S9ryne,
INFiNiTEENERZYOverdoze.RekuMochizuki,
Khalid.Dolphin,
QuantumHyperspace.D_AAN,
FreakyUndulationsNobleKnightsofTune.JehezukielKURORAK,
PANICPARADISE.DJSHIONY,
ReEndofaDream.umavsモリモリあつし,
心の記憶.A39沙包P,
Spotlight.Ardolf,
NightTheater.わかどり,
Ramification.rareguyReina,
DerRichter.Ωμεγα,
ATHAZA.LeaF,
